精选题号,章节,原题号,题干,答案,正确选项,原题链接,配图
1,证照与车辆管理,10,驾驶机动车应当随身携带哪种证件？,B,B、驾驶证,https://www.aijiaxiao.com/tiba/10/,
2,证照与车辆管理,11,未取得驾驶证的学员在道路上学习驾驶技能，下列哪种做法是正确的？,A,A、使用所学车型的教练车由教练员随车指导,https://www.aijiaxiao.com/tiba/11/,
3,证照与车辆管理,12,机动车驾驶人初次申领驾驶证后的实习期是多长时间？,B,B、12个月,https://www.aijiaxiao.com/tiba/12/,
4,证照与车辆管理,13,在实习期内驾驶机动车的，应当在车身后部粘贴或者悬挂哪种标志？,C,C、统一式样的实习标志,https://www.aijiaxiao.com/tiba/13/,
5,证照与车辆管理,483,机动车驾驶证补领后，以下说法正确的是什么？,B,B、原驾驶证作废，不得继续使用,https://www.aijiaxiao.com/tiba/483/,
6,证照与车辆管理,15,驾驶人要按照驾驶证载明的准驾车型驾驶车辆。,A,A、正确,https://www.aijiaxiao.com/tiba/15/,
7,证照与车辆管理,19,机动车驾驶人在实习期内驾驶机动车不得牵引挂车。,A,A、正确,https://www.aijiaxiao.com/tiba/19/,
8,证照与车辆管理,24,驾驶机动车上路前应当检查车辆安全技术性能。,A,A、正确,https://www.aijiaxiao.com/tiba/24/,
9,证照与车辆管理,25,不得驾驶具有安全隐患的机动车上道路行驶。,A,A、正确,https://www.aijiaxiao.com/tiba/25/,
10,证照与车辆管理,28,下列哪种证件是驾驶机动车上路行驶应当随车携带？,C,C、机动车行驶证,https://www.aijiaxiao.com/tiba/28/,
11,证照与车辆管理,31,驾驶人在下列哪种情况下不能驾驶机动车？,A,A、饮酒后,https://www.aijiaxiao.com/tiba/31/,
12,证照与车辆管理,33,驾驶机动车上路行驶应当按规定悬挂号牌。,A,A、正确,https://www.aijiaxiao.com/tiba/33/,
13,证照与车辆管理,38,道路交通安全违法行为累积记分的周期是多长时间？,C,C、12个月,https://www.aijiaxiao.com/tiba/38/,
14,证照与车辆管理,40,驾驶人出现下列哪种情况，不得驾驶机动车？,A,A、驾驶证丢失、损毁,https://www.aijiaxiao.com/tiba/40/,
15,证照与车辆管理,42,驾驶人持超过有效期的驾驶证可以在1年内驾驶机动车。,B,B、错误,https://www.aijiaxiao.com/tiba/42/,
16,证照与车辆管理,44,记分满12分的驾驶人拒不参加学习和考试的将被公告驾驶证停止使用。,A,A、正确,https://www.aijiaxiao.com/tiba/44/,
17,证照与车辆管理,45,驾驶人的机动车驾驶证被依法扣留、暂扣的情况下不得驾驶机动车。,A,A、正确,https://www.aijiaxiao.com/tiba/45/,
18,证照与车辆管理,246,初次申领的机动车驾驶证的有效期为多少年？,C,C、6年,https://www.aijiaxiao.com/tiba/246/,
19,证照与车辆管理,247,准驾车型为小型汽车的，可以驾驶下列哪种车辆？,A,A、低速载货汽车,https://www.aijiaxiao.com/tiba/247/,
20,证照与车辆管理,248,准驾车型为小型自动挡汽车的，可以驾驶以下哪种车型？,D,D、轻型自动挡载货汽车,https://www.aijiaxiao.com/tiba/248/,
21,证照与车辆管理,249,驾驶人在机动车驾驶证的6年有效期内，每个记分周期均未达到12分的，换发10年有效期的机动车驾驶证。,A,A、正确,https://www.aijiaxiao.com/tiba/249/,
22,证照与车辆管理,260,在驾驶技能准考证明的有效期内，科目二和科目三道路驾驶技能考试预约次数不得超过多少次？,C,C、5次,https://www.aijiaxiao.com/tiba/260/,
23,证照与车辆管理,261,驾驶技能准考证明的有效期是多久？,C,C、3年,https://www.aijiaxiao.com/tiba/261/,
24,证照与车辆管理,262,申请人因故不能按照预约时间参加考试的，应当提前一日申请取消预约，对申请人未按照预约考试时间参加考试的，判定该次考试不合格。,A,A、正确,https://www.aijiaxiao.com/tiba/262/,
25,证照与车辆管理,268,机动车购买后尚未注册登记，需要临时上道路行驶的，可以凭什么临时上道路行驶？,B,B、临时行驶车号牌,https://www.aijiaxiao.com/tiba/268/,
26,证照与车辆管理,269,申请人以欺骗、贿赂等不正当手段取得机动车驾驶证的（被撤销的），申请人在多长时间内不得再次申领机动车驾驶证。,D,D、3年,https://www.aijiaxiao.com/tiba/269/,
27,证照与车辆管理,270,申请人在考试过程中有贿赂、舞弊行为的，取消考试资格，已经通过考试的其他科目成绩无效。,A,A、正确,https://www.aijiaxiao.com/tiba/270/,
28,证照与车辆管理,513,已注册登记的机动车，改变机动车车身颜色的应到公安交通管理部门申请变更登记。,A,A、正确,https://www.aijiaxiao.com/tiba/513/,
29,证照与车辆管理,321,驾驶人在驾驶证有效期满前多长时间申请换证？,C,C、90日内,https://www.aijiaxiao.com/tiba/321/,
30,证照与车辆管理,324,驾驶人在驾驶证核发地车辆管理所管辖区以外居住的，可以向居住地车辆管理所申请换证。,A,A、正确,https://www.aijiaxiao.com/tiba/324/,
31,证照与车辆管理,266,机动车登记证书、号牌、行驶证灭失、丢失或者损毁的，机动车所有人应当向哪个部门申请补领、换领。,C,C、登记地车辆管理所,https://www.aijiaxiao.com/tiba/266/,
32,证照与车辆管理,327,驾驶人记分没有达到满分，有罚款尚未缴纳的，记分转入下一记分周期。,A,A、正确,https://www.aijiaxiao.com/tiba/327/,
33,证照与车辆管理,362,已注册登记的小型载客汽车有下列哪种情形，所有人不需要办理变更登记？,B,B、加装前后防撞装置,https://www.aijiaxiao.com/tiba/362/,
34,证照与车辆管理,486,已注册登记的机动车达到国家规定的强制报废标准的，应当向登记地车辆管理所申请注销登记。,A,A、正确,https://www.aijiaxiao.com/tiba/486/,
35,证照与车辆管理,520,实习期驾驶人驾驶机动车上高速公路行驶，以下做法正确的是什么？,C,C、需要持有相应或者更高准驾车型驾驶证三年以上的驾驶人陪同,https://www.aijiaxiao.com/tiba/520/,
36,法律责任与记分,1,驾驶机动车在道路上违反道路交通安全法的行为，属于什么行为？,B,B、违法行为,https://www.aijiaxiao.com/tiba/1/,
37,法律责任与记分,2,机动车驾驶人违法驾驶造成重大交通事故构成犯罪的，依法追究什么责任？,A,A、刑事责任,https://www.aijiaxiao.com/tiba/2/,
38,法律责任与记分,3,机动车驾驶人造成事故后逃逸构成犯罪的，吊销驾驶证且多长时间不得重新取得驾驶证？,C,C、终生,https://www.aijiaxiao.com/tiba/3/,
39,法律责任与记分,35,服用国家管制的精神药品可以短途驾驶机动车。,B,B、错误,https://www.aijiaxiao.com/tiba/35/,
40,法律责任与记分,36,饮酒后只要不影响驾驶操作可以短距离驾驶机动车。,B,B、错误,https://www.aijiaxiao.com/tiba/36/,
41,法律责任与记分,283,驾驶机动车在道路上追逐竞驶，情节恶劣，会受到什么处罚？,A,A、处拘役，并处罚金,https://www.aijiaxiao.com/tiba/283/,
42,法律责任与记分,285,醉酒驾驶机动车在道路上行驶会受到什么处罚？,B,B、处拘役，并处罚金,https://www.aijiaxiao.com/tiba/285/,
43,法律责任与记分,307,机动车驾驶人在一个记分周期内累积记分达到12分，拒不参加学习和考试的，将被公安机关交通管理部门公告其驾驶证停止使用。,A,A、正确,https://www.aijiaxiao.com/tiba/307/,
44,法律责任与记分,319,酒后驾驶发生重大交通事故被依法追究刑事责任的人不能申请机动车驾驶证。,A,A、正确,https://www.aijiaxiao.com/tiba/319/,
45,法律责任与记分,320,造成交通事故后逃逸构成犯罪的人不能申请机动车驾驶证。,A,A、正确,https://www.aijiaxiao.com/tiba/320/,
46,法律责任与记分,338,提供虚假材料申领驾驶证的申请人会承担下列哪种法律责任？,C,C、1年内不得再次申领驾驶证,https://www.aijiaxiao.com/tiba/338/,
47,法律责任与记分,342,饮酒后驾驶机动车一次记几分？,D,D、12分,https://www.aijiaxiao.com/tiba/342/,
48,法律责任与记分,346,使用伪造、变造的机动车号牌一次记几分？,D,D、12分,https://www.aijiaxiao.com/tiba/346/,
49,法律责任与记分,349,驾驶人驾驶机动车违反道路交通信号灯通行一次记多少分?,C,C、6分,https://www.aijiaxiao.com/tiba/349/,
50,法律责任与记分,340,驾驶人有下列哪种违法行为一次记12分？,B,B、使用伪造机动车号牌,https://www.aijiaxiao.com/tiba/340/,
51,法律责任与记分,354,使用伪造、变造的驾驶证一次记12分。,A,A、正确,https://www.aijiaxiao.com/tiba/354/,
52,法律责任与记分,356,驾驶机动车在高速公路上倒车、逆行、穿越中央分隔带掉头的一次记6分。,B,B、错误,https://www.aijiaxiao.com/tiba/356/,
53,法律责任与记分,360,驾驶机动车在高速公路违法占用应急车道行驶的一次记6分。,A,A、正确,https://www.aijiaxiao.com/tiba/360/,
54,法律责任与记分,462,交通肇事致一人以上重伤，负事故全部或者主要责任，并具有下列哪种行为的，构成交通肇事罪?,B,B、酒后、吸食毒品后驾驶机动车辆的,https://www.aijiaxiao.com/tiba/462/,
55,法律责任与记分,497,当驾驶人的血液中酒精含量为100毫克/100毫升时，属于醉酒驾驶。,A,A、正确,https://www.aijiaxiao.com/tiba/497/,
56,法律责任与记分,518,以下哪项行为可构成危险驾驶罪？,D,D、醉驾,https://www.aijiaxiao.com/tiba/518/,
57,法律责任与记分,549,机动车驾驶人血液中酒精含量大于或者等于多少可认定为醉驾？,C,C、80毫克/100毫升,https://www.aijiaxiao.com/tiba/549/,
58,法律责任与记分,559,关于醉酒驾驶机动车的处罚，以下说法错误的是什么？,D,D、记6分,https://www.aijiaxiao.com/tiba/559/,
59,法律责任与记分,1080,以下哪种行为处十日以下拘留，并处一千元以上二千元以下罚款，吊销机动车驾驶证？,D,D、因饮酒后驾驶机动车被处罚，再次饮酒后驾驶机动车的,https://www.aijiaxiao.com/tiba/1080/,
60,法律责任与记分,1108,机动车驾驶人有以下哪种违法行为的，暂扣六个月机动车驾驶证？,C,C、饮酒后驾驶机动车的,https://www.aijiaxiao.com/tiba/1108/,
61,法律责任与记分,1110,驾驶拼装的机动车上道路行驶的，公安机关交通管理部门应当予以收缴，强制报废，并吊销机动车驾驶证。,A,A、正确,https://www.aijiaxiao.com/tiba/1110/,
62,法律责任与记分,1112,驾驶机动车造成交通事故后逃逸，尚不构成犯罪的，由公安机关交通管理部门处二百元以上二千元以下罚款，可以并处15日以下拘留。,A,A、正确,https://www.aijiaxiao.com/tiba/1112/,
63,法律责任与记分,1113,机动车驾驶人一次有两个以上违法行为记分的，应当分别计算累加分值。,A,A、正确,https://www.aijiaxiao.com/tiba/1113/,
64,法律责任与记分,1114,隐瞒有关情况或者提供虚假材料申领机动车驾驶证的，申请人在1年内不得再次申领机动车驾驶证。,A,A、正确,https://www.aijiaxiao.com/tiba/1114/,
65,法律责任与记分,1120,申请人以不正当手段取得机动车驾驶证的，公安机关交通管理部门收缴机动车驾驶证，撤销机动车驾驶许可，申请人在3年内不得再次申领机动车驾驶证。,A,A、正确,https://www.aijiaxiao.com/tiba/1120/,
66,信号、标志、标线与交警手势,46,前方路口这种信号灯亮表示什么意思？,B,B、禁止通行,https://www.aijiaxiao.com/tiba/46/,images/76d8b8faa139f0e9.jpg
67,信号、标志、标线与交警手势,47,前方路口这种信号灯亮表示什么意思？,A,A、路口警示,https://www.aijiaxiao.com/tiba/47/,images/03b4fdee204821c2.jpg
68,信号、标志、标线与交警手势,48,前方路口这种信号灯亮表示什么意思？,C,C、准许通行,https://www.aijiaxiao.com/tiba/48/,images/60b2f4bcb49673af.jpg
69,信号、标志、标线与交警手势,49,交通信号包括交通信号灯、交通标志、交通标线和交通警察的指挥。,A,A、正确,https://www.aijiaxiao.com/tiba/49/,
70,信号、标志、标线与交警手势,52,道路交通标线分为指示标线、警告标线、禁止标线。,A,A、正确,https://www.aijiaxiao.com/tiba/52/,
71,信号、标志、标线与交警手势,53,驾驶机动车在这种道路上如何通行？,B,B、在道路中间通行,https://www.aijiaxiao.com/tiba/53/,images/9437f50ddcd80109.jpg
72,信号、标志、标线与交警手势,54,道路上划设这种标线的车道内允许下列哪类车辆通行？,C,C、公交车,https://www.aijiaxiao.com/tiba/54/,images/005f15e4287601fa.jpg
73,信号、标志、标线与交警手势,55,驾驶机动车在路口遇到这种情况如何行驶？,D,D、停车等待,https://www.aijiaxiao.com/tiba/55/,images/74bec07784528ec1.jpg
74,信号、标志、标线与交警手势,56,有这种信号灯的路口允许机动车如何行驶？,C,C、向右转弯,https://www.aijiaxiao.com/tiba/56/,images/074adfc362d70b3c.jpg
75,信号、标志、标线与交警手势,57,遇到这种情况的路口怎样通过？,D,D、确认安全后通过,https://www.aijiaxiao.com/tiba/57/,images/1b83e4733ed91ce1.jpg
76,信号、标志、标线与交警手势,58,这段道路红车所在车道是什么车道？,A,A、快速车道,https://www.aijiaxiao.com/tiba/58/,images/ba5d2dc30a7bbfd6.jpg
77,信号、标志、标线与交警手势,64,驾驶机动车不能进入红色叉形灯或者红色箭头灯亮的车道。,A,A、正确,https://www.aijiaxiao.com/tiba/64/,
78,信号、标志、标线与交警手势,591,驾驶机动车遇到这种信号灯不断闪烁时怎样行驶？,C,C、注意瞭望安全通过,https://www.aijiaxiao.com/tiba/591/,images/7511cd2042ac4256.jpg
79,信号、标志、标线与交警手势,594,驾驶机动车在铁路道口看到这种信号灯时怎样行驶？,D,D、不得越过停止线,https://www.aijiaxiao.com/tiba/594/,images/3d2e7ef40ba87dfb.jpg
80,信号、标志、标线与交警手势,595,在铁路道口遇到两个红灯交替闪烁时要停车等待。,A,A、正确,https://www.aijiaxiao.com/tiba/595/,images/a8c98808e9b405fd.jpg
81,信号、标志、标线与交警手势,597,这属于哪一种标志？,A,A、警告标志,https://www.aijiaxiao.com/tiba/597/,images/8f674f1ad8549a7b.jpg
82,信号、标志、标线与交警手势,598,这个标志是何含义？,C,C、十字交叉路口,https://www.aijiaxiao.com/tiba/598/,images/1297bdcbb1155949.jpg
83,信号、标志、标线与交警手势,601,这个标志是何含义？,A,A、向左急转弯,https://www.aijiaxiao.com/tiba/601/,images/946ba7c62c825375.jpg
84,信号、标志、标线与交警手势,603,这是什么交通标志？,D,D、连续弯路,https://www.aijiaxiao.com/tiba/603/,images/efc871027fa3d48f.jpg
85,信号、标志、标线与交警手势,605,这个标志是何含义？,C,C、下陡坡,https://www.aijiaxiao.com/tiba/605/,images/c00dbc8024ee07b6.jpg
86,信号、标志、标线与交警手势,607,这是什么交通标志？,A,A、两侧变窄,https://www.aijiaxiao.com/tiba/607/,images/ec3959b3e23c23b4.jpg
87,信号、标志、标线与交警手势,610,这个标志是何含义？,D,D、窄桥,https://www.aijiaxiao.com/tiba/610/,images/bfc7d959e8eebf5f.jpg
88,信号、标志、标线与交警手势,611,这个标志是何含义？,A,A、双向交通,https://www.aijiaxiao.com/tiba/611/,images/51d2e4a86d8501ef.jpg
89,信号、标志、标线与交警手势,612,这个标志是何含义？,B,B、注意行人,https://www.aijiaxiao.com/tiba/612/,images/3c41ecbb8b65c817.jpg
90,信号、标志、标线与交警手势,613,这个标志是何含义？,C,C、注意儿童,https://www.aijiaxiao.com/tiba/613/,images/d915c46c65679e1a.jpg
91,信号、标志、标线与交警手势,616,这个标志是何含义？,B,B、注意信号灯,https://www.aijiaxiao.com/tiba/616/,images/f7b04f6a93996f7e.jpg
92,信号、标志、标线与交警手势,617,这个标志是何含义？,C,C、注意落石,https://www.aijiaxiao.com/tiba/617/,images/8f7921067e2e8db8.jpg
93,信号、标志、标线与交警手势,619,这个标志是何含义？,B,B、易滑路段,https://www.aijiaxiao.com/tiba/619/,images/be2abb9699751b98.jpg
94,信号、标志、标线与交警手势,623,这个标志是何含义？,D,D、隧道,https://www.aijiaxiao.com/tiba/623/,images/22c65cc1f0d18092.jpg
95,信号、标志、标线与交警手势,629,这个标志是何含义？,A,A、过水路面,https://www.aijiaxiao.com/tiba/629/,images/c108c1ec23f8ec29.jpg
96,信号、标志、标线与交警手势,630,这个标志是何含义？,B,B、有人看守铁路道口,https://www.aijiaxiao.com/tiba/630/,images/52591bb76bc7f9bf.jpg
97,信号、标志、标线与交警手势,631,这个标志是何含义？,C,C、无人看守铁路道口,https://www.aijiaxiao.com/tiba/631/,images/a67cf05651c4120e.jpg
98,信号、标志、标线与交警手势,636,这个标志是何含义？,D,D、注意非机动车,https://www.aijiaxiao.com/tiba/636/,images/3363e8306ebb56ea.jpg
99,信号、标志、标线与交警手势,644,这个标志是何含义？,B,B、施工路段,https://www.aijiaxiao.com/tiba/644/,images/ccd45fdfbf6d6f63.jpg
100,信号、标志、标线与交警手势,646,这个标志是何含义？,C,C、隧道开灯,https://www.aijiaxiao.com/tiba/646/,images/962d22d8334fe46d.jpg
101,信号、标志、标线与交警手势,652,这属于哪一种标志？,B,B、禁令标志,https://www.aijiaxiao.com/tiba/652/,images/616bc1c56e7522d1.jpg
102,信号、标志、标线与交警手势,654,这个标志是何含义？,C,C、停车让行,https://www.aijiaxiao.com/tiba/654/,images/d209462e6e2d6f9e.jpg
103,信号、标志、标线与交警手势,655,这个标志是何含义？,D,D、减速让行,https://www.aijiaxiao.com/tiba/655/,images/48d11d3d845ee16a.jpg
104,信号、标志、标线与交警手势,656,这个标志是何含义？,A,A、会车时停车让对方车先行,https://www.aijiaxiao.com/tiba/656/,images/383bcba7f7e906c9.jpg
105,信号、标志、标线与交警手势,657,这个标志是何含义？,B,B、禁止通行,https://www.aijiaxiao.com/tiba/657/,images/6dcb1eabc728b143.jpg
106,信号、标志、标线与交警手势,659,这个标志是何含义？,A,A、禁止向左转弯,https://www.aijiaxiao.com/tiba/659/,images/790df688efe17bc4.jpg
107,信号、标志、标线与交警手势,660,这个标志是何含义？,B,B、禁止向右转弯,https://www.aijiaxiao.com/tiba/660/,images/d87f17406eb1592d.jpg
108,信号、标志、标线与交警手势,665,这个标志是何含义？,B,B、禁止掉头,https://www.aijiaxiao.com/tiba/665/,images/1c69cd4ea16afaef.jpg
109,信号、标志、标线与交警手势,666,这个标志是何含义？,C,C、禁止超车,https://www.aijiaxiao.com/tiba/666/,images/0ec00239f3807dc7.jpg
110,信号、标志、标线与交警手势,668,这个标志是何含义？,D,D、禁止停放车辆,https://www.aijiaxiao.com/tiba/668/,images/42bf4632e8721d7a.jpg
111,信号、标志、标线与交警手势,669,这个标志是何含义？,C,C、禁止长时停车,https://www.aijiaxiao.com/tiba/669/,images/4416dd7229a75c01.jpg
112,信号、标志、标线与交警手势,670,这个标志是何含义？,C,C、禁止鸣喇叭,https://www.aijiaxiao.com/tiba/670/,images/a4d02a1a692546e9.jpg
113,信号、标志、标线与交警手势,673,这个标志是何含义？,B,B、限制最高时速40公里,https://www.aijiaxiao.com/tiba/673/,images/d64256652257ee1b.jpg
114,信号、标志、标线与交警手势,674,这个标志是何含义？,C,C、解除时速40公里限制,https://www.aijiaxiao.com/tiba/674/,images/e533959340473a93.jpg
115,信号、标志、标线与交警手势,675,这个标志是何含义？,D,D、停车检查,https://www.aijiaxiao.com/tiba/675/,images/91f6a9f8279c75d7.jpg
116,信号、标志、标线与交警手势,677,这属于哪一种标志？,C,C、指示标志,https://www.aijiaxiao.com/tiba/677/,images/0c13fb33df73be19.jpg
117,信号、标志、标线与交警手势,679,这个标志是何含义？,B,B、只准直行,https://www.aijiaxiao.com/tiba/679/,images/5a43cafa74c65518.jpg
118,信号、标志、标线与交警手势,682,这个标志是何含义？,A,A、直行和向右转弯,https://www.aijiaxiao.com/tiba/682/,images/b462c47f73024f0e.jpg
119,信号、标志、标线与交警手势,685,这个标志是何含义？,D,D、靠右侧道路行驶,https://www.aijiaxiao.com/tiba/685/,images/f0c521a5a98667fa.jpg
120,信号、标志、标线与交警手势,689,这个标志是何含义？,D,D、环岛行驶,https://www.aijiaxiao.com/tiba/689/,images/1c8edbe8b6e8ddaf.jpg
121,信号、标志、标线与交警手势,695,这个标志是何含义？,A,A、人行横道,https://www.aijiaxiao.com/tiba/695/,images/9907daf8bd656399.jpg
122,信号、标志、标线与交警手势,696,这个标志是何含义？,B,B、最低限速50公里/小时,https://www.aijiaxiao.com/tiba/696/,images/947fb29e9aac8892.jpg
123,信号、标志、标线与交警手势,697,这个标志是何含义？,C,C、干路先行,https://www.aijiaxiao.com/tiba/697/,images/700aaca9c62f38ec.jpg
124,信号、标志、标线与交警手势,698,这个标志是何含义？,D,D、会车先行,https://www.aijiaxiao.com/tiba/698/,images/21ae6b0fdd106bf7.jpg
125,信号、标志、标线与交警手势,707,这个标志是何含义？,A,A、公交线路专用车道,https://www.aijiaxiao.com/tiba/707/,images/57b63d2840c04ec2.jpg
126,信号、标志、标线与交警手势,715,这属于哪一类标志？,D,D、指路标志,https://www.aijiaxiao.com/tiba/715/,images/9b20020f16c3d09b.jpg
127,信号、标志、标线与交警手势,723,这个标志是何含义？,A,A、国道编号,https://www.aijiaxiao.com/tiba/723/,images/2f723ccff98c67f1.jpg
128,信号、标志、标线与交警手势,727,这个标志是何含义？,A,A、地点距离,https://www.aijiaxiao.com/tiba/727/,images/700d278fd65ca4e7.jpg
129,信号、标志、标线与交警手势,736,这个标志是何含义？,B,B、车道数变少,https://www.aijiaxiao.com/tiba/736/,images/f1a198f64bfc54af.jpg
130,信号、标志、标线与交警手势,744,这个标志是何含义？,B,B、高速公路入口预告,https://www.aijiaxiao.com/tiba/744/,images/7dccd7b12057ad60.jpg
131,信号、标志、标线与交警手势,748,这个标志是何含义？,A,A、高速公路下一出口预告,https://www.aijiaxiao.com/tiba/748/,images/dc1689ffb3ff47fc.jpg
132,信号、标志、标线与交警手势,751,这个标志是何含义？,A,A、高速公路起点,https://www.aijiaxiao.com/tiba/751/,images/8233d5a75f6ee215.jpg
133,信号、标志、标线与交警手势,755,这个标志是何含义？,D,D、设有ETC的收费站,https://www.aijiaxiao.com/tiba/755/,images/7bb195698708b14c.jpg
134,信号、标志、标线与交警手势,760,这个标志是何含义？,A,A、高速公路紧急停车带,https://www.aijiaxiao.com/tiba/760/,images/6cfeb656c6782f8e.jpg
135,信号、标志、标线与交警手势,762,这个标志是何含义？,B,B、高速公路服务区预告,https://www.aijiaxiao.com/tiba/762/,images/a8bba4abee7669d6.jpg
136,信号、标志、标线与交警手势,807,路中心黄色虚线的含义是分隔对向交通流，在保证安全的前提下，可越线超车或转弯。,A,A、正确,https://www.aijiaxiao.com/tiba/807/,images/618f0c459e8e8aeb.jpg
137,信号、标志、标线与交警手势,812,指示标线的作用是什么？,B,B、指示通行,https://www.aijiaxiao.com/tiba/812/,
138,信号、标志、标线与交警手势,813,路中白色虚线是什么标线？,C,C、可跨越同向车道中心线,https://www.aijiaxiao.com/tiba/813/,images/165963e20800161e.jpg
139,信号、标志、标线与交警手势,814,路中黄色分界线的作用是什么？,D,D、分隔对向行驶的交通流,https://www.aijiaxiao.com/tiba/814/,images/0d39454afaa6078f.jpg
140,信号、标志、标线与交警手势,815,路中两条双黄色虚线是什么标线？,C,C、潮汐车道线,https://www.aijiaxiao.com/tiba/815/,images/0fc1df7474cf77d9.jpg
141,信号、标志、标线与交警手势,818,图中圈内两条白色虚线是什么标线？,C,C、左弯待转区线,https://www.aijiaxiao.com/tiba/818/,images/b5903955df960edb.jpg
142,信号、标志、标线与交警手势,821,图中圈内白色实线是什么标线？,B,B、导向车道线,https://www.aijiaxiao.com/tiba/821/,images/cc7b6ef30875fb06.jpg
143,信号、标志、标线与交警手势,822,图中圈内的锯齿状白色实线是什么标线？,C,C、可变导向车道线,https://www.aijiaxiao.com/tiba/822/,images/adbd70b013758518.jpg
144,信号、标志、标线与交警手势,823,图中圈内的路面标记是什么标线？,D,D、人行横道线,https://www.aijiaxiao.com/tiba/823/,images/92542d23a4b295c4.jpg
145,信号、标志、标线与交警手势,824,这个地面标记是什么标线？,A,A、人行横道预告,https://www.aijiaxiao.com/tiba/824/,images/62074bb4b656db61.jpg
146,信号、标志、标线与交警手势,825,图中圈内的白色折线是什么标线？,B,B、车距确认线,https://www.aijiaxiao.com/tiba/825/,images/169e1c90c4600df7.jpg
147,信号、标志、标线与交警手势,829,这种白色矩形标线框含义是什么？,B,B、平行式停车位,https://www.aijiaxiao.com/tiba/829/,images/6da49af00bad3bb5.jpg
148,信号、标志、标线与交警手势,834,这个导向箭头是何含义？,D,D、指示直行,https://www.aijiaxiao.com/tiba/834/,images/825922a32088d6c0.jpg
149,信号、标志、标线与交警手势,845,这个路面数字标记是何含义？,C,C、速度限制标记,https://www.aijiaxiao.com/tiba/845/,images/70e0d31211d789bc.jpg
150,信号、标志、标线与交警手势,849,路中心的双黄实线属于哪一类标线？,D,D、禁止标线,https://www.aijiaxiao.com/tiba/849/,images/29cbd0d0a7196efb.jpg
151,信号、标志、标线与交警手势,850,路中心双黄实线是何含义？,B,B、禁止跨越对向车行道分界线,https://www.aijiaxiao.com/tiba/850/,images/889deadead7807f3.jpg
152,信号、标志、标线与交警手势,851,路中心黄色虚实线是何含义？,A,A、实线一侧禁止越线,https://www.aijiaxiao.com/tiba/851/,images/fd7f8386d446399d.jpg
153,信号、标志、标线与交警手势,853,路中心白色实线是何含义？,C,C、禁止跨越同向车行道分界线,https://www.aijiaxiao.com/tiba/853/,images/cbd72ece2e1b8a1d.jpg
154,信号、标志、标线与交警手势,854,路缘石上的黄色虚线是何含义？,C,C、禁止长时停车,https://www.aijiaxiao.com/tiba/854/,images/4fd9d03e51351915.jpg
155,信号、标志、标线与交警手势,855,路缘石上的黄色实线是何含义？,D,D、禁止停放车辆,https://www.aijiaxiao.com/tiba/855/,images/05ce9c2684d38728.jpg
156,信号、标志、标线与交警手势,856,图中圈内白色横实线是何含义？,A,A、停止线,https://www.aijiaxiao.com/tiba/856/,images/2e5a82622391bf37.jpg
157,信号、标志、标线与交警手势,857,路口最前端的双白实线是什么含义？,B,B、停车让行线,https://www.aijiaxiao.com/tiba/857/,images/40778e4fd86c7d7f.jpg
158,信号、标志、标线与交警手势,858,路口最前端的双白虚线是什么含义？,C,C、减速让行线,https://www.aijiaxiao.com/tiba/858/,images/c903a46f6567ec93.jpg
159,信号、标志、标线与交警手势,859,图中圈内三角填充区域是什么标线？,D,D、导流线,https://www.aijiaxiao.com/tiba/859/,images/f00e9d413a428a36.jpg
160,信号、标志、标线与交警手势,862,图中路口中央黄色路面标记是什么标线？,C,C、网状线,https://www.aijiaxiao.com/tiba/862/,images/c02229d9ad44d73b.jpg
161,信号、标志、标线与交警手势,872,这一组交通警察手势是什么信号？,B,B、停止信号,https://www.aijiaxiao.com/tiba/872/,images/c259b86741505d21.jpg
162,信号、标志、标线与交警手势,873,这一组交通警察手势是什么信号？,A,A、直行信号,https://www.aijiaxiao.com/tiba/873/,images/7a24067b2b92558f.jpg
163,信号、标志、标线与交警手势,874,这一组交通警察手势是什么信号？,C,C、左转弯信号,https://www.aijiaxiao.com/tiba/874/,images/36fa2e33b44c9833.jpg
164,信号、标志、标线与交警手势,879,这一组交通警察手势是什么信号？,C,C、变道信号,https://www.aijiaxiao.com/tiba/879/,images/16e1b635aca82ae3.jpg
165,信号、标志、标线与交警手势,880,这一组交通警察手势是什么信号？,B,B、减速慢行信号,https://www.aijiaxiao.com/tiba/880/,images/714330c4ba53e944.jpg
166,通行规则与让行,59,机动车在道路上变更车道需要注意什么？,B,B、不能影响其他车辆正常行驶,https://www.aijiaxiao.com/tiba/59/,
167,通行规则与让行,67,驾驶机动车在道路上向左变更车道时如何使用灯光？,C,C、提前开启左转向灯,https://www.aijiaxiao.com/tiba/67/,
168,通行规则与让行,68,驾驶机动车在道路上靠路边停车过程中如何使用灯光？,D,D、提前开启右转向灯,https://www.aijiaxiao.com/tiba/68/,
169,通行规则与让行,75,驾驶机动车在道路上超车完毕驶回原车道时开启右转向灯。,A,A、正确,https://www.aijiaxiao.com/tiba/75/,
170,通行规则与让行,76,驾驶机动车在道路上掉头时提前开启左转向灯。,A,A、正确,https://www.aijiaxiao.com/tiba/76/,
171,通行规则与让行,80,驾驶机动车在雾天行车开启雾灯和危险报警闪光灯。,A,A、正确,https://www.aijiaxiao.com/tiba/80/,
172,通行规则与让行,82,夜间驾驶机动车通过人行横道时需要交替使用远近光灯。,A,A、正确,https://www.aijiaxiao.com/tiba/82/,
173,通行规则与让行,107,驾驶机动车在下列哪种情形下不能超越前车？,B,B、前车正在左转弯,https://www.aijiaxiao.com/tiba/107/,
174,通行规则与让行,108,在没有中心线的道路上发现后车发出超车信号时，如果条件许可如何行驶？,D,D、降速靠右让路,https://www.aijiaxiao.com/tiba/108/,
175,通行规则与让行,110,同车道行驶的车辆遇前车有下列哪种情形时不得超车？,D,D、正在超车,https://www.aijiaxiao.com/tiba/110/,
176,通行规则与让行,140,进入这个路口应该怎样做？,C,C、让已在路口内的车辆先行,https://www.aijiaxiao.com/tiba/140/,images/e37e9449429a4908.jpg
177,通行规则与让行,121,驾驶机动车超车应该提前开启左转向灯、变换使用远近光灯或鸣喇叭。,A,A、正确,https://www.aijiaxiao.com/tiba/121/,
178,通行规则与让行,129,驾驶机动车在没有道路中心线的狭窄山路怎样会车？,D,D、不靠山体的一方先行,https://www.aijiaxiao.com/tiba/129/,
179,通行规则与让行,130,夜间在道路上会车时，距离对向来车多远将远光灯改用近光灯？,B,B、150米以外,https://www.aijiaxiao.com/tiba/130/,
180,通行规则与让行,131,驾驶机动车在没有中心线的道路上遇相对方向来车时怎样行驶？,A,A、减速靠右行驶,https://www.aijiaxiao.com/tiba/131/,
181,通行规则与让行,141,在路口右转弯遇同车道前车等候放行信号时如何行驶？,D,D、依次停车等候,https://www.aijiaxiao.com/tiba/141/,
182,通行规则与让行,145,驾驶机动车通过没有交通信号的交叉路口怎样行驶？,A,A、减速慢行,https://www.aijiaxiao.com/tiba/145/,
183,通行规则与让行,146,驾驶机动车通过没有交通信号和管理人员的铁路道口怎样通过？,C,C、停车确认安全后通过,https://www.aijiaxiao.com/tiba/146/,
184,通行规则与让行,154,遇有这种排队等候的情形怎么做？,A,A、依次排队等候,https://www.aijiaxiao.com/tiba/154/,images/589284d7530bb6cb.jpg
185,通行规则与让行,157,驾驶机动车在车道减少的路口，遇到前方车辆依次停车或缓慢行驶时怎么办？,C,C、每车道一辆依次交替驶入路口,https://www.aijiaxiao.com/tiba/157/,
186,通行规则与让行,158,驾驶机动车遇到前方车辆停车排队等候或缓慢行驶时怎么办？,D,D、依次行驶,https://www.aijiaxiao.com/tiba/158/,
187,通行规则与让行,159,驾驶机动车遇有前方交叉路口交通阻塞时怎么办？,A,A、依次停在路口外等候,https://www.aijiaxiao.com/tiba/159/,
188,通行规则与让行,167,驾驶机动车遇到漫水桥时要察明水情确认安全后再低速通过。,A,A、正确,https://www.aijiaxiao.com/tiba/167/,
189,通行规则与让行,170,遇到这种情形时要停车避让行人。,A,A、正确,https://www.aijiaxiao.com/tiba/170/,images/f543ca7d1e360636.jpg
190,通行规则与让行,176,驾驶机动车在铁路道口、桥梁、陡坡、隧道或者容易发生危险的路段不能掉头。,A,A、正确,https://www.aijiaxiao.com/tiba/176/,
191,通行规则与让行,179,驾驶机动车在上道路行驶前驾驶人要按规定系好安全带。,A,A、正确,https://www.aijiaxiao.com/tiba/179/,
192,通行规则与让行,183,机动车在道路上发生故障，需要停车排除时，驾驶人应该怎么办？,C,C、将车停到不妨碍交通的地方,https://www.aijiaxiao.com/tiba/183/,
193,通行规则与让行,184,机动车在道路上发生故障，难以移动时下列做法正确的是什么？,A,A、开启危险报警闪光灯,https://www.aijiaxiao.com/tiba/184/,
194,通行规则与让行,190,行车中遇到执行紧急任务的消防车、救护车、工程救险车时要及时让行。,A,A、正确,https://www.aijiaxiao.com/tiba/190/,
195,通行规则与让行,193,驾驶机动车需要在路边停车时怎样选择停车地点？,C,C、在停车泊位内停放,https://www.aijiaxiao.com/tiba/193/,
196,通行规则与让行,198,在道路上临时停车不得妨碍其他车辆和行人通行。,A,A、正确,https://www.aijiaxiao.com/tiba/198/,
197,通行规则与让行,200,距离交叉路口50米以内的路段不能停车。,A,A、正确,https://www.aijiaxiao.com/tiba/200/,
198,通行规则与让行,202,社会车辆距离消防栓或者消防队(站)门前30米以内的路段不能停车。,A,A、正确,https://www.aijiaxiao.com/tiba/202/,
199,通行规则与让行,203,距离桥梁、陡坡、隧道50米以内的路段不能停车。,A,A、正确,https://www.aijiaxiao.com/tiba/203/,
200,通行规则与让行,205,机动车停稳前不能开车门和上下人员。,A,A、正确,https://www.aijiaxiao.com/tiba/205/,
201,通行规则与让行,455,交叉路口不得倒车的原因是什么?,A,A、交通情况复杂，容易造成交通堵塞甚至引发事故,https://www.aijiaxiao.com/tiba/455/,
202,通行规则与让行,142,在这个路口右转弯如何通行？,A,A、先让对面车左转弯,https://www.aijiaxiao.com/tiba/142/,images/1d1dc4b0a251a04b.jpg
203,通行规则与让行,516,驾驶机动车通过未设置交通信号灯的交叉路口时，下列说法错误的是什么？,D,D、相对方向行驶的左转弯机动车让右转弯的车辆先行,https://www.aijiaxiao.com/tiba/516/,
204,通行规则与让行,445,在没有交通信号指示的交叉路口，转弯的机动车让直行的车辆和行人先行。,A,A、正确,https://www.aijiaxiao.com/tiba/445/,
205,通行规则与让行,552,道路没有划分机动车道、非机动车道和人行道的，以下说法正确的是什么？,C,C、机动车在道路中间通行，非机动车和行人在道路两侧通行,https://www.aijiaxiao.com/tiba/552/,
206,限速与高速公路,85,在这条高速公路上行驶时的最高速度不能超过多少？,B,B、110公里/小时,https://www.aijiaxiao.com/tiba/85/,images/675b89801ad2cac7.jpg
207,限速与高速公路,86,在这段城市道路上行驶的最高速度不能超过多少？,A,A、30公里/小时,https://www.aijiaxiao.com/tiba/86/,images/a62cebaa2ff55130.jpg
208,限速与高速公路,87,在这条公路上行驶的最高速度不能超过多少？,B,B、40公里/小时,https://www.aijiaxiao.com/tiba/87/,images/d67799e19cdfb629.jpg
209,限速与高速公路,88,在这条城市道路上行驶的最高速度不能超过多少？,C,C、50公里/小时,https://www.aijiaxiao.com/tiba/88/,images/77cc6f203f519374.jpg
210,限速与高速公路,89,在这条公路上行驶的最高速度不能超过多少？,D,D、70公里/小时,https://www.aijiaxiao.com/tiba/89/,images/06e22e148b27bbd0.jpg
211,限速与高速公路,92,驾驶机动车遇雾、雨、雪等能见度在50米以内时，最高速度不能超过多少？,D,D、30公里/小时,https://www.aijiaxiao.com/tiba/92/,
212,限速与高速公路,93,驾驶机动车在进出非机动车道时，最高速度不能超过多少？,A,A、30公里/小时,https://www.aijiaxiao.com/tiba/93/,
213,限速与高速公路,97,驾驶机动车下陡坡、转弯、掉头时，最高速度不能超过多少？,A,A、30公里/小时,https://www.aijiaxiao.com/tiba/97/,
214,限速与高速公路,100,"驾驶机动车上道路行驶,不允许超过限速标志标明的最高时速。",A,A、正确,https://www.aijiaxiao.com/tiba/100/,
215,限速与高速公路,207,在这段高速公路上行驶的最高车速是多少？,A,A、120公里/小时,https://www.aijiaxiao.com/tiba/207/,images/b8a8bbd04d4c5e24.jpg
216,限速与高速公路,208,在这段高速公路上行驶的最低车速是多少？,B,B、60公里/小时,https://www.aijiaxiao.com/tiba/208/,images/e600c134106a679c.jpg
217,限速与高速公路,209,在这条车道行驶的最低车速是多少？,C,C、100公里/小时,https://www.aijiaxiao.com/tiba/209/,images/4d37d41ce5d78b8b.jpg
218,限速与高速公路,210,在这条车道行驶的最低车速是多少？,B,B、90公里/小时,https://www.aijiaxiao.com/tiba/210/,images/d0d5b014c84ea5c5.jpg
219,限速与高速公路,213,驾驶机动车在高速公路要按照限速标志标明的车速行驶。,A,A、正确,https://www.aijiaxiao.com/tiba/213/,
220,限速与高速公路,216,驾驶小型载客汽车在高速公路上时速超过100公里时的跟车距离是多少？,D,D、保持100米以上,https://www.aijiaxiao.com/tiba/216/,
221,限速与高速公路,217,驾驶小型载客汽车在高速公路上时速低于100公里时的最小跟车距离是多少？,A,A、不得少于50米,https://www.aijiaxiao.com/tiba/217/,
222,限速与高速公路,218,驾驶机动车在高速公路遇到能见度低于200米的气象条件时，最高车速是多少？,D,D、不得超过60公里/小时,https://www.aijiaxiao.com/tiba/218/,
223,限速与高速公路,219,驾驶机动车在高速公路遇到能见度低于100米的气象条件时，最高车速是多少？,A,A、不得超过40公里/小时,https://www.aijiaxiao.com/tiba/219/,
224,限速与高速公路,220,驾驶机动车在高速公路遇到能见度低于50米的气象条件时，车速不得超过20公里/小时，还应怎么做？,B,B、尽快驶离高速公路,https://www.aijiaxiao.com/tiba/220/,
225,限速与高速公路,226,这辆在高速公路上临时停放的故障车，警告标志应该设置在车后多远处？,A,A、150米以外,https://www.aijiaxiao.com/tiba/226/,images/33131c9ec0a28c31.jpg
226,限速与高速公路,227,机动车在高速公路上发生故障时错误的做法是什么？,C,C、车上人员不能下车,https://www.aijiaxiao.com/tiba/227/,
227,限速与高速公路,228,机动车在高速公路上发生故障或交通事故无法正常行驶时由什么车拖曳或牵引？,D,D、清障车,https://www.aijiaxiao.com/tiba/228/,
228,限速与高速公路,230,机动车在高速公路上发生故障时，将车上人员迅速转移到右侧路肩上或者应急车道内，并且迅速报警。,A,A、正确,https://www.aijiaxiao.com/tiba/230/,
229,限速与高速公路,422,牵引发生故障的机动车时，最高车速不得超过多少?,B,B、30公里/小时,https://www.aijiaxiao.com/tiba/422/,
230,限速与高速公路,423,如图所示，在高速公路同方向三条机动车道最左侧车道行驶，应保持什么车速?,A,A、110 公里/小时～120公里/小时,https://www.aijiaxiao.com/tiba/423/,images/c96cde3db0e36e3f.jpg
231,限速与高速公路,425,如图所示，在高速公路同方向三条机动车道中间车道行驶，车速不能低于多少?,B,B、90公里/小时,https://www.aijiaxiao.com/tiba/425/,images/80d29de64d56b6fa.jpg
232,限速与高速公路,546,驾驶机动车在高速公路上行驶，遇低能见度气象条件时，能见度在200米以下，车速不得超过每小时多少公里，与同车道前车至少保持多少米的距离？,A,A、60，100,https://www.aijiaxiao.com/tiba/546/,
233,限速与高速公路,990,高速公路上行车，如果因疏忽驶过出口，应怎样做？,B,B、继续向前行驶，寻找下一个出口,https://www.aijiaxiao.com/tiba/990/,
234,限速与高速公路,1003,车辆驶离高速公路时，应当经减速车道减速后进入匝道。,A,A、正确,https://www.aijiaxiao.com/tiba/1003/,
235,限速与高速公路,1106,驾驶机动车在高速公路上行驶，遇有雾、雨、雪、沙尘、冰雹等低能见度气象条件下，能见度在100米以下时，车速不得超过每小时多少公里，与同车道前车至少保持多少米的距离？,A,A、40，50,https://www.aijiaxiao.com/tiba/1106/,
236,事故处置,232,在道路上发生未造成人员伤亡且无争议的轻微交通事故如何处置？,D,D、撤离现场自行协商,https://www.aijiaxiao.com/tiba/232/,
237,事故处置,234,驾驶人在发生交通事故后因抢救伤员变动现场时要标明位置。,A,A、正确,https://www.aijiaxiao.com/tiba/234/,
238,事故处置,235,在道路上发生交通事故造成人身伤亡时，要立即抢救受伤人员并迅速报警。,A,A、正确,https://www.aijiaxiao.com/tiba/235/,
239,事故处置,298,对发生道路交通事故需要收集证据的事故车，交通警察可以依法扣留。,A,A、正确,https://www.aijiaxiao.com/tiba/298/,
240,事故处置,308,驾驶机动车碰撞建筑物、公共设施后可即行撤离现场。,B,B、错误,https://www.aijiaxiao.com/tiba/308/,
241,事故处置,310,道路交通事故中，驾驶人有饮酒、醉酒嫌疑时，要保护现场并立即报警。,A,A、正确,https://www.aijiaxiao.com/tiba/310/,
242,事故处置,312,驾驶机动车发生财产损失交通事故，当事人对事实及成因无争议的可先撤离现场。,A,A、正确,https://www.aijiaxiao.com/tiba/312/,
243,事故处置,313,驾驶机动车发生财产损失交通事故后，当事人对事实及成因无争议移动车辆时需要对现场拍照或者标划停车位置。,A,A、正确,https://www.aijiaxiao.com/tiba/313/,
244,事故处置,315,机动车发生财产损失交通事故，对应当自行撤离现场而未撤离造成交通堵塞的，可以对驾驶人处以200元罚款。,A,A、正确,https://www.aijiaxiao.com/tiba/315/,
245,事故处置,472,驾驶机动车发生交通事故后当事人故意破坏、伪造现场、毁灭证据的，应当承担什么责任？,D,D、全部责任,https://www.aijiaxiao.com/tiba/472/,
246,事故处置,473,非机动车驾驶人、行人故意碰撞机动车造成交通事故的，机动车一方不承担赔偿责任。,A,A、正确,https://www.aijiaxiao.com/tiba/473/,
247,事故处置,498,驾驶机动车在道路上发生交通事故，任何情况下都应标明现场位置后，先行撤离现场。,B,B、错误,https://www.aijiaxiao.com/tiba/498/,
248,事故处置,504,驾驶机动车在道路上发生交通事故，当事人不能自行移动车辆的，应当保护现场并立即报警。,A,A、正确,https://www.aijiaxiao.com/tiba/504/,
249,事故处置,519,机动车发生轻微财产损失的交通事故，对应当自行撤离现场而未撤离的，交通警察有权责令当事人撤离现场。,A,A、正确,https://www.aijiaxiao.com/tiba/519/,
250,事故处置,527,驾驶机动车发生交通事故，仅造成财产损失的，但是对交通事故事实及成因有争议的，应当怎么处理？,A,A、迅速报警,https://www.aijiaxiao.com/tiba/527/,
251,事故处置,543,发生无人员伤亡的、财产轻微损失的交通事故后，以下做法正确的是什么？,C,C、确保安全的情况下，对现场拍照，然后将车辆移至路边等不妨碍交通的地点,https://www.aijiaxiao.com/tiba/543/,
252,事故处置,9264,遇到这种单方面交通事故，应如何处理？,B,B、报警,https://www.aijiaxiao.com/tiba/9264/,images/4f1bbb2e49522562.png
253,事故处置,9265,机动车之间发生交通事故，不管是否有人员伤亡，只要双方当事人同意，都可自行协商解决,B,B、错误,https://www.aijiaxiao.com/tiba/9265/,
254,事故处置,1071,如图所示，A车货物掉落，导致B车与掉落货物发生碰撞，以下说法正确的是什么？,B,B、A车负全部责任,https://www.aijiaxiao.com/tiba/1071/,images/4e9b0ff6fb29f582.jpg
255,事故处置,1099,如图所示，在环岛交叉路口发生的交通事故中，应由A车负全部责任。,A,A、正确,https://www.aijiaxiao.com/tiba/1099/,images/d02aac2fefd32590.jpg
256,安全文明驾驶,881,雨天对安全行车的主要影响是什么？,B,B、路面湿滑，视线受阻,https://www.aijiaxiao.com/tiba/881/,
257,安全文明驾驶,882,下雨后路面湿滑，车辆行驶中紧急制动时，容易导致什么？,D,D、发生侧滑、引发交通事故,https://www.aijiaxiao.com/tiba/882/,
258,安全文明驾驶,883,雾天对安全行车的主要影响是什么？,D,D、能见度低，视线不清,https://www.aijiaxiao.com/tiba/883/,
259,安全文明驾驶,885,夜间道路环境对安全行车的主要影响是什么？,A,A、能见度低、不利于观察道路交通情况,https://www.aijiaxiao.com/tiba/885/,
260,安全文明驾驶,887,冰雪道路对安全行车的主要影响是什么？,D,D、制动性能差，方向易跑偏,https://www.aijiaxiao.com/tiba/887/,
261,安全文明驾驶,891,山区道路对安全行车的主要影响是什么？,C,C、坡长弯急，视距不足,https://www.aijiaxiao.com/tiba/891/,
262,安全文明驾驶,892,行车中突遇对方车辆强行超车，占据自己车道，正确的做法是什么？,B,B、尽可能减速避让、直至停车,https://www.aijiaxiao.com/tiba/892/,
263,安全文明驾驶,899,行车中遇有前方发生交通事故，需要帮助时，应怎样做？,C,C、协助保护现场，并立即报警,https://www.aijiaxiao.com/tiba/899/,
264,安全文明驾驶,900,行车中遇交通事故受伤者需要抢救时，应怎样做？,A,A、及时将伤者送医院抢救或拨打急救电话,https://www.aijiaxiao.com/tiba/900/,
265,安全文明驾驶,901,行车中遇到对向来车占道行驶，应怎样做？,B,B、主动给对方让行,https://www.aijiaxiao.com/tiba/901/,
266,安全文明驾驶,902,行车中发现前方道路拥堵时，应怎样做？,C,C、减速停车，依次排队等候,https://www.aijiaxiao.com/tiba/902/,
267,安全文明驾驶,904,行车中遇到后方车辆要求超车时，应怎样做？,A,A、及时减速、观察后靠右行驶让行,https://www.aijiaxiao.com/tiba/904/,
268,安全文明驾驶,905,驾驶人在超车时，前方车辆不减速、不让道，应怎样做？,C,C、停止继续超车,https://www.aijiaxiao.com/tiba/905/,
269,安全文明驾驶,916,谨慎驾驶的三原则是集中注意力、仔细观察和提前预防。,A,A、正确,https://www.aijiaxiao.com/tiba/916/,
270,安全文明驾驶,926,车辆驶近人行横道时，应怎样做？,D,D、先减速注意观察行人、非机动车动态，确认安全后再通过,https://www.aijiaxiao.com/tiba/926/,
271,安全文明驾驶,1013,车辆在山区道路跟车行驶时，应怎样做？,B,B、适当加大安全距离,https://www.aijiaxiao.com/tiba/1013/,
272,安全文明驾驶,1016,下长坡时，控制车速除了刹车制动以外还有什么有效的辅助方法？,B,B、利用发动机制动,https://www.aijiaxiao.com/tiba/1016/,
273,安全文明驾驶,1017,下长坡连续使用行车制动会导致什么？,C,C、会使制动器温度升高而使制动效果急剧下降,https://www.aijiaxiao.com/tiba/1017/,
274,安全文明驾驶,1020,车辆下坡行驶，要适当控制车速，充分利用发动机进行制动。,A,A、正确,https://www.aijiaxiao.com/tiba/1020/,
275,安全文明驾驶,1022,车辆在通过山区道路弯道时，要做到“减速、鸣喇叭、靠右行”。,A,A、正确,https://www.aijiaxiao.com/tiba/1022/,
276,安全文明驾驶,1031,夜间车辆通过照明条件良好的路段时，应使用什么灯？,B,B、近光灯,https://www.aijiaxiao.com/tiba/1031/,
277,安全文明驾驶,1036,夜间会车时，若对方车辆不关闭远光灯，可变换灯光提示对向车辆，同时减速靠右侧行驶或停车。,A,A、正确,https://www.aijiaxiao.com/tiba/1036/,
278,安全文明驾驶,1042,在暴雨天气驾车，刮水器无法刮净雨水时，应怎样做？,C,C、立即减速靠边停车,https://www.aijiaxiao.com/tiba/1042/,
279,安全文明驾驶,1044,雾天行车时，应及时开启什么灯？,D,D、雾灯,https://www.aijiaxiao.com/tiba/1044/,
280,安全文明驾驶,1045,遇有浓雾或特大雾天能见度过低，行车困难时，应怎样做？,C,C、开启危险报警闪光灯和雾灯，选择安全地点停车,https://www.aijiaxiao.com/tiba/1045/,
281,安全文明驾驶,1046,车辆涉水后，应保持低速行驶，怎样操作制动踏板，以恢复制动效果？,D,D、间断轻踏,https://www.aijiaxiao.com/tiba/1046/,
282,安全文明驾驶,1052,在冰雪路面上行车，必须降低车速、加大安全距离。,A,A、正确,https://www.aijiaxiao.com/tiba/1052/,
283,安全文明驾驶,1057,前轮胎爆裂已出现转向时，驾驶人不要过度矫正，应在控制住方向的情况下，应怎样做，使车辆缓慢减速？,C,C、轻踏制动踏板,https://www.aijiaxiao.com/tiba/1057/,
284,安全文明驾驶,1061,车辆后轮胎爆裂，车尾会摇摆不定，驾驶人应双手紧握转向盘，控制车辆保持直线行驶，减速停车。,A,A、正确,https://www.aijiaxiao.com/tiba/1061/,
285,安全文明驾驶,1091,驾驶机动车在高速公路发生故障，需要停车排除故障时，以下做法先后顺序正确的是？ ①放置警告标志，转移乘车人员至安全处，迅速报警②开启危险报警闪光灯③将车辆移至不妨碍交通的位置④等待救援,D,D、②③①④,https://www.aijiaxiao.com/tiba/1091/,
286,车辆仪表与安全装置,1121,这个仪表是何含义？,A,A、发动机转速表,https://www.aijiaxiao.com/tiba/1121/,images/ad5e89ae235e4612.jpg
287,车辆仪表与安全装置,1122,这个仪表是何含义？,B,B、速度和里程表,https://www.aijiaxiao.com/tiba/1122/,images/14365f0d280fc7a0.jpg
288,车辆仪表与安全装置,1123,这个仪表是何含义？,C,C、水温表,https://www.aijiaxiao.com/tiba/1123/,images/d17a8a1d9c6599ff.jpg
289,车辆仪表与安全装置,1124,这个仪表是何含义？,D,D、燃油表,https://www.aijiaxiao.com/tiba/1124/,images/54279adf4c375774.jpg
290,车辆仪表与安全装置,1136,机动车仪表板上（如图所示）亮表示发动机可能机油量不足。,A,A、正确,https://www.aijiaxiao.com/tiba/1136/,images/bede68e9712197bb.jpg
291,车辆仪表与安全装置,1142,机动车仪表板上（如图所示）亮，表示行车制动系统可能出现故障。,A,A、正确,https://www.aijiaxiao.com/tiba/1142/,images/e4e7b42344c4d4e4.jpg
292,车辆仪表与安全装置,1153,开启前照灯远光时仪表板上（如图所示）亮起。,B,B、错误,https://www.aijiaxiao.com/tiba/1153/,images/9591eabc363071ed.jpg
293,车辆仪表与安全装置,1157,机动车仪表板上（如图所示）亮时，提醒驾驶人安全带插头未插入锁扣。,A,A、正确,https://www.aijiaxiao.com/tiba/1157/,images/5a844038d303d206.jpg
294,车辆仪表与安全装置,1161,开启危险报警闪光灯时，（如图所示）闪烁。,A,A、正确,https://www.aijiaxiao.com/tiba/1161/,images/8bd0eef2ea3fd96b.jpg
295,车辆仪表与安全装置,1193,这是什么踏板？,B,B、离合器踏板,https://www.aijiaxiao.com/tiba/1193/,images/30e3b651758d93ca.jpg
296,车辆仪表与安全装置,1194,这是什么踏板？,C,C、制动踏板,https://www.aijiaxiao.com/tiba/1194/,images/761aeeee4196ff1b.jpg
297,车辆仪表与安全装置,1195,这是什么踏板？,A,A、加速踏板,https://www.aijiaxiao.com/tiba/1195/,images/f54320382e8d4a20.jpg
298,车辆仪表与安全装置,1216,安全头枕在发生追尾事故时，能有效保护驾驶人的什么部位？,C,C、颈部,https://www.aijiaxiao.com/tiba/1216/,
299,车辆仪表与安全装置,1218,机动车发生碰撞时座椅安全带主要作用是什么？,A,A、减轻驾乘人员伤害,https://www.aijiaxiao.com/tiba/1218/,
300,车辆仪表与安全装置,1221,机动车在紧急制动时ABS系统会起到什么作用？,D,D、防止车轮抱死,https://www.aijiaxiao.com/tiba/1221/,images/0772d86600bd97a1.jpg
